{
  "task_types": {
    "feature": {
      "task_type": "feature",
      "sample_count": 52,
      "avg_tokens": 13091.711538461539,
      "std_dev": 43169.091399330064,
      "p80_tokens": 10055.800000000001,
      "avg_duration_seconds": 1301.0961538461538,
      "success_rate": 0.8269230769230769,
      "recommended_model": "haiku",
      "model": "aggregate",
      "recommended_effort": "high",
      "_m2_tokens": 96905663516.67307,
      "_m2_duration": 2553101958.5192304,
      "estimation_mape": null,
      "estimation_sample_count": 0,
      "cx_per_minute": 26.140075289480265
    },
    "chore": {
      "task_type": "chore",
      "sample_count": 6,
      "avg_tokens": 22335.0,
      "std_dev": 18043.89991105027,
      "p80_tokens": 37527.963725104324,
      "avg_duration_seconds": 5536.166666666667,
      "success_rate": 0.8333333333333334,
      "recommended_model": "sonnet",
      "model": "aggregate",
      "recommended_effort": "high",
      "_m2_tokens": 1953493943.9999998,
      "_m2_duration": 681587474.8333333,
      "estimation_mape": 58.08634988103213,
      "estimation_sample_count": 1,
      "cx_per_minute": null
    },
    "refactor": {
      "task_type": "refactor",
      "sample_count": 2,
      "avg_tokens": 51.0,
      "std_dev": 51.0,
      "p80_tokens": 81.60000000000001,
      "avg_duration_seconds": 2.5,
      "success_rate": 0.5,
      "recommended_model": "haiku",
      "model": "aggregate",
      "recommended_effort": "high",
      "_m2_tokens": 5202.0,
      "_m2_duration": 12.5,
      "estimation_mape": null,
      "estimation_sample_count": 0,
      "cx_per_minute": null
    },
    "bugfix": {
      "task_type": "bugfix",
      "sample_count": 3,
      "avg_tokens": 6024.333333333333,
      "std_dev": 3932.4714309903834,
      "p80_tokens": 8742.2,
      "avg_duration_seconds": 281.3333333333333,
      "success_rate": 1.0,
      "recommended_model": "haiku",
      "model": "aggregate",
      "recommended_effort": "high",
      "_m2_tokens": 46392994.666666664,
      "_m2_duration": 133508.6666666667,
      "estimation_mape": null,
      "estimation_sample_count": 0,
      "cx_per_minute": 4.325846981826184
    },
    "feature:claude-opus-4-7": {
      "task_type": "feature",
      "sample_count": 27,
      "avg_tokens": 22978.962962962964,
      "std_dev": 58095.59524864965,
      "p80_tokens": 21674.2,
      "avg_duration_seconds": 2393.925925925926,
      "success_rate": 0.9629629629629629,
      "recommended_model": "sonnet",
      "model": "claude-opus-4-7",
      "recommended_effort": "high",
      "_m2_tokens": 91127651056.96295,
      "_m2_duration": 2485416513.8518524,
      "estimation_mape": null,
      "estimation_sample_count": 0,
      "cx_per_minute": null
    },
    "feature:unknown": {
      "task_type": "feature",
      "sample_count": 6,
      "avg_tokens": 0.0,
      "std_dev": 0.0,
      "p80_tokens": 0.0,
      "avg_duration_seconds": 54.0,
      "success_rate": 0.3333333333333333,
      "recommended_model": "haiku",
      "model": "unknown",
      "recommended_effort": "high",
      "_m2_tokens": 0.0,
      "_m2_duration": 37880.0,
      "estimation_mape": null,
      "estimation_sample_count": 0,
      "cx_per_minute": null
    },
    "chore:claude-opus-4-7": {
      "task_type": "chore",
      "sample_count": 5,
      "avg_tokens": 26802.0,
      "std_dev": 16461.295659819734,
      "p80_tokens": 40662.41094556822,
      "avg_duration_seconds": 6643.4,
      "success_rate": 0.8,
      "recommended_model": "sonnet",
      "model": "claude-opus-4-7",
      "recommended_effort": "high",
      "_m2_tokens": 1354871274.0,
      "_m2_duration": 644808505.2,
      "estimation_mape": 58.08634988103213,
      "estimation_sample_count": 1,
      "cx_per_minute": null
    },
    "chore:unknown": {
      "task_type": "chore",
      "sample_count": 1,
      "avg_tokens": 0.0,
      "std_dev": 0.0,
      "p80_tokens": 0.0,
      "avg_duration_seconds": 0.0,
      "success_rate": 1.0,
      "recommended_model": "haiku",
      "model": "unknown",
      "recommended_effort": "high",
      "_m2_tokens": 0.0,
      "_m2_duration": 0.0,
      "estimation_mape": null,
      "estimation_sample_count": 0,
      "cx_per_minute": null
    },
    "feature:claude-opus-4-6[1m]": {
      "task_type": "feature",
      "sample_count": 3,
      "avg_tokens": 8969.333333333334,
      "std_dev": 931.6856885356897,
      "p80_tokens": 9659.6,
      "avg_duration_seconds": 261.0,
      "success_rate": 1.0,
      "recommended_model": "haiku",
      "model": "claude-opus-4-6[1m]",
      "recommended_effort": "high",
      "_m2_tokens": 2604114.6666666665,
      "_m2_duration": 217.99999999999997,
      "estimation_mape": null,
      "estimation_sample_count": 0,
      "cx_per_minute": 3.8394276737042485
    },
    "feature:claude-opus-4-6": {
      "task_type": "feature",
      "sample_count": 12,
      "avg_tokens": 2785.75,
      "std_dev": 2835.549774000332,
      "p80_tokens": 4948.0,
      "avg_duration_seconds": 159.5,
      "success_rate": 0.9166666666666666,
      "recommended_model": "haiku",
      "model": "claude-opus-4-6",
      "recommended_effort": "high",
      "_m2_tokens": 96484110.25,
      "_m2_duration": 414671.0,
      "estimation_mape": null,
      "estimation_sample_count": 0,
      "cx_per_minute": 34.50281814539627
    },
    "feature:sonnet": {
      "task_type": "feature",
      "sample_count": 4,
      "avg_tokens": 0.0,
      "std_dev": 0.0,
      "p80_tokens": 0.0,
      "avg_duration_seconds": 0.0,
      "success_rate": 0.25,
      "recommended_model": "haiku",
      "model": "sonnet",
      "recommended_effort": "high",
      "_m2_tokens": 0.0,
      "_m2_duration": 0.0,
      "estimation_mape": null,
      "estimation_sample_count": 0,
      "cx_per_minute": null
    },
    "refactor:claude-opus-4-6": {
      "task_type": "refactor",
      "sample_count": 1,
      "avg_tokens": 102.0,
      "std_dev": 0.0,
      "p80_tokens": 102.0,
      "avg_duration_seconds": 5.0,
      "success_rate": 1.0,
      "recommended_model": "haiku",
      "model": "claude-opus-4-6",
      "recommended_effort": "high",
      "_m2_tokens": 0.0,
      "_m2_duration": 0.0,
      "estimation_mape": null,
      "estimation_sample_count": 0,
      "cx_per_minute": null
    },
    "refactor:sonnet": {
      "task_type": "refactor",
      "sample_count": 1,
      "avg_tokens": 0.0,
      "std_dev": 0.0,
      "p80_tokens": 0.0,
      "avg_duration_seconds": 0.0,
      "success_rate": 0.0,
      "recommended_model": "haiku",
      "model": "sonnet",
      "recommended_effort": "high",
      "_m2_tokens": 0.0,
      "_m2_duration": 0.0,
      "estimation_mape": null,
      "estimation_sample_count": 0,
      "cx_per_minute": null
    },
    "bugfix:claude-opus-4-6": {
      "task_type": "bugfix",
      "sample_count": 3,
      "avg_tokens": 6024.333333333333,
      "std_dev": 3932.4714309903834,
      "p80_tokens": 8742.2,
      "avg_duration_seconds": 281.3333333333333,
      "success_rate": 1.0,
      "recommended_model": "haiku",
      "model": "claude-opus-4-6",
      "recommended_effort": "high",
      "_m2_tokens": 46392994.666666664,
      "_m2_duration": 133508.6666666667,
      "estimation_mape": null,
      "estimation_sample_count": 0,
      "cx_per_minute": 4.325846981826184
    }
  },
  "last_calibrated": "2026-05-08T14:53:36.350186+00:00",
  "total_records": 63
}